ID,Name
807,씨발병신
808,씨방새
809,씨방세
810,씨뱅 가 리
811,씨뱅 가리
812,씨뱅가 리
813,씨뱅가리
814,씨벌
815,씨벌년
816,씨벌쉐이
817,씨부 랄
818,씨부랄
819,씨부럴
820,씨불 알
821,씨불알
822,씨브럴
823,씨블
824,씨블년
825,씨븡새끼
826,씨섹 끼
827,씨섹끼
828,씨파 넘
829,씨파넘
830,씨팍새끼
831,씨팍세끼
832,씨팔
833,씨팔
834,씨퐁
835,씨퐁 넘
836,씨퐁 뇬
837,씨퐁 보 지
838,씨퐁 보지
839,씨퐁 자 지
840,씨퐁 자지
841,씨퐁넘
842,씨퐁보 지
843,씨퐁보지
844,씨퐁자 지
845,씨퐁자지
846,씹 년
847,씹 물
848,씹 보 지
849,씹 보지
850,씹 부 랄
851,씹 부랄
852,씹 빵 구
853,씹 빵구
854,씹 뽀 지
855,씹 뽀지
856,씹 새
857,씹 새 끼
858,씹 새끼
859,씹 세
860,씹 쌔 끼
861,씹 쌔끼
862,씹 자 지
863,씹 자지
864,씹 지 랄
865,씹 지랄
866,씹 창
867,씹 탱
868,씹 탱 이
869,씹 탱이
870,씹년
871,씹물
872,씹미랄
873,씹버지
874,씹보 지
875,씹보지
876,씹부 랄
877,씹부랄
878,씹부랄
879,씹브랄
880,씹빵 구
881,씹빵구
882,씹뽀 지
883,씹뽀지
884,씹새
885,씹새 끼
886,씹새끼
887,씹세
888,씹쌔 끼
889,씹쌔끼
890,씹자 지
891,씹자석
892,씹자슥
893,씹자지
894,씹지 랄
895,씹지랄
896,씹지랄
897,씹창
898,씹창녀
899,씹탱
900,씹탱 이
901,씹탱굴이
902,씹탱이
903,씹팔
904,아가리
905,애 무
906,애 미
907,애 비
908,애무
909,애미
910,애미
911,애미랄
912,애미보지
913,애미씨뱅
914,애미자지
915,애미잡년
916,애미좃물
917,애비
918,애비
919,양 아 치
920,양 아치
921,양아 치
922,양아치
923,어미강간
924,어미따먹자
925,어미쑤시자
926,엄 창
927,엄창
928,에미
929,에비
930,염 병
931,염 병 할
932,염 병할
933,염 뵹
934,염병
935,염병 할
936,염병할
937,염뵹
938,엿
939,엿 먹 어 라
940,엿 먹 어라
941,엿먹 어 라
942,엿먹 어라
943,엿먹어 라
944,엿먹어라
945,오 르 가 즘
946,오르가즘
947,왕버지
948,왕자지
949,왕잠지
950,왕털버지
951,왕털보지
952,왕털자지
953,왕털잠지
954,요 년
955,요년
956,우미쑤셔
957,유  방
958,유 두
959,유 방
960,유두
961,유두빨어
962,유두핧어
963,유발 조물락
964,유방
965,유방
966,유방 만져
967,유방 빨아
968,유방 주물럭
969,유방 쪼물딱
970,유방 쪼물럭
971,유방 핧아
972,유방 핧어
973,육 갑
974,육갑
975,ㅈㄹ
976,자 기 핧 아
977,자 기 핧아
978,자 지
979,자 지 빨 아
980,자 지 빨 어
981,자 지 빨아
982,자 지 빨어
983,자 지 털
984,자 지 털
985,자 지 핧 어
986,자 지 핧어
987,자 지털
988,자기 핧 아
989,자기 핧아
990,자기핧 아
991,자기핧아
992,자지
993,자지 구녕
994,자지 구멍
995,자지 꽂아
996,자지 빨 아
997,자지 빨 어
998,자지 빨아
999,자지 빨어
1000,자지 쑤셔
1001,자지 짤라
1002,자지 털
1003,자지 털
1004,자지 핧 어
1005,자지 핧어
1006,자지넣자
1007,자지뜨더
1008,자지뜯어
1009,자지박어
1010,자지빨 아
1011,자지빨 어
1012,자지빨아
1013,자지빨아
1014,자지빨아줘
1015,자지빨어
1016,자지빨어
1017,자지쓰레기
1018,자지정개
1019,자지털
1020,자지핧 어
1021,자지핧아
1022,자지핧아
1023,자지핧아줘
1024,자지핧어
1025,작은보지
1026,잠 지
1027,잠지
1028,잠지뚫어
1029,잠지물마셔
1030,잠지털
1031,잠짓물마셔
1032,잡 것
1033,잡 년
1034,잡 놈
1035,잡것
1036,잡년
1037,잡놈
1038,잡쓰레그
1039,저 년
1040,저년
1041,점 물
1042,점물
1043,젓 같 내
1044,젓 같내
1045,젓 까
1046,젓 까
1047,젓 까
1048,젓 까
1049,젓 냄 새
1050,젓 대가리
1051,젓 떠
1052,젓 마무리
1053,젓 만 이
1054,젓 만이
1055,젓 물
1056,젓 물
1057,젓 밥
1058,젓가튼쉐이
1059,젓같 내
1060,젓같내
1061,젓까
1062,젓까
1063,젓대가리
1064,젓만 이
1065,젓만이
1066,젓물 냄새
1067,젓밥
1068,정액마셔
1069,정액먹어
1070,정액먹어
1071,정액발사
1072,정액짜
1073,정액핧아
1074,정자마셔
1075,정자먹어
1076,정자핧아
1077,젖 탱 이
1078,젖 탱이
1079,젖까
1080,젖탱 이
1081,젖탱이
1082,조 또
1083,조 지
1084,조개넓은년
1085,조개따조?
1086,조개마셔줘?
1087,조개벌려조?
1088,조개보지
1089,조개속물
1090,조개쑤셔줘?
1091,조개핧아줘?
1092,조지
1093,족 같 내
1094,족 같내
1095,족 까
1096,족 까 내
1097,족 까내
1098,족같 내
1099,족같내
1100,족까
1101,족까 내
1102,족까내
1103,존 나
1104,존 니
1105,존나
1106,존니
1107,졸 라
1108,졸라
1109,좀 마 니
1110,좀 마니
1111,좀 물
1112,좀 물
1113,좀 쓰레기
1114,좀마 니
1115,좀마니
1116,좀물
1117,좁빠라라
1118,좃
1119,좃 간 년
1120,좃 간년
1121,좃 까
1122,좃 깟 네
1123,좃 깟네
1124,좃 냄새
1125,좃 넘
1126,좃 대가리
1127,좃 도
1128,좃 또
1129,좃 마무리
1130,좃 만 아
1131,좃 만 이
1132,좃 만아
1133,좃 만이
1134,좃 물
1135,좃 물
1136,좃 부 랄
1137,좃 부랄
1138,좃 빠 네
1139,좃 빠네
1140,좃가튼뇬
1141,좃간 년
1142,좃간년
1143,좃까
1144,좃까
1145,좃까리
1146,좃깟 네
1147,좃깟네
1148,좃넘
1149,좃대가리
1150,좃만 아
1151,좃만 이
1152,좃만아
1153,좃만이
1154,좃만한것
1155,좃만한쉐이
1156,좃물
1157,좃물
1158,좃물
1159,좃물 냄새
1160,좃보지
1161,좃부 랄
1162,좃부랄
1163,좃부랄
1164,좃빠 네
1165,좃빠구리
1166,좃빠네
1167,좃빠라라
1824,보짓 물
106,개색끼
104,개새끼
107,개색히
105,개색기
108,시발놈
109,씨발놈
110,씨발년
111,씨발.놈
112,씨발.년
113,시발놈
114,시발년
115,보지
116,자지
117,썅년
118,니에미
119,니에비
120,호로새끼
121,영자새끼
122,영자개새끼
123,영자씨발놈
124,점물
125,젓물
126,젓물
127,좀물
128,18년
129,18놈
130,18새끼
131,18새끼
132,18년
133,18놈
134,18년
135,18놈
136,18새끼
137,18새끼
138,18년
139,18놈
140,18새 끼
141,18새끼
142,가슴 만져
143,가슴 빨아
144,가슴 빨어
145,가슴 조물락
146,가슴 주물럭
147,가슴 쪼물딱
148,가슴 쪼물락
149,가슴 핧아
150,가슴 핧어
151,강 간
152,강 간
153,강간
154,강간한다
155,개 가 튼 년
156,개 가 튼 뇬
157,개 가 튼년
158,개 가 튼뇬
159,개 같 은 년
160,개 같 은년
161,개 걸 레
162,개 걸레
163,개 고 치
164,개 고치
165,개 너 미
166,개 너미
167,개 년
168,개 놈
169,개 라 슥
170,개 보 지
171,개 보지
172,개 부 달
173,개 부 랄
174,개 부달
175,개 부랄
176,개 불 랄
177,개 불랄
178,개 새 끼
179,개 새끼
180,개 씨 발
181,개 씨 블
182,개 씨발넘
183,개 씨발자슥
184,개 자 지
185,개 자지
186,개 좆
187,개 지 랄
188,개 후 라 년
189,개 후 라 들 놈
190,개 후 라 새 끼
191,개 후 라년
192,개가 튼 년
193,개가 튼 뇬
194,개가 튼년
195,개가 튼뇬
196,개가튼 년
197,개가튼 뇬
198,개가튼년
199,개가튼뇬
200,개같 은 년
201,개같 은년
202,개같은 년
203,개같은년
204,개걸 레
205,개걸레
206,개고 치
207,개고치
208,개너 미
209,개너미
210,개년
211,개놈
212,개보 지
213,개보지
214,개보지년
215,개부 달
216,개부 랄
217,개부달
218,개부랄
219,개불 랄
220,개불랄
221,개붕알
222,개새 끼
223,개새끼
224,개쓰래기
225,개쓰레기
226,개씁년
227,개씁블
228,개씁자지
229,개자 지
230,개자지
231,개작두넘
232,개작두년
233,개잡년
234,개잡지랄
235,개젓가튼넘
236,개좆
237,개지랄
238,개지랄넘
239,개지랄놈
240,개후 라 년
241,개후 라 들 놈
242,개후 라 들놈
243,개후 라 새 끼
244,개후 라 새끼
245,개후 라년
246,개후 라들놈
247,개후 라새끼
248,개후라 년
249,개후라 들 놈
250,개후라 들놈
251,개후라 새 끼
252,개후라 새끼
253,개후라년
254,개후라들 놈
255,개후라들놈
256,개후라새 끼
257,개후라새끼
258,걔잡년
259,걔잡지랄
260,거 시 기
261,거 시기
262,거시 기
263,거시기
264,걸 레 같 은 년
265,걸래년
266,걸레 같 은 년
267,걸레 같 은년
268,걸레 같은년
269,걸레같 은 년
270,걸레같 은년
271,걸레같은 년
272,걸레같은년
273,걸레년
274,걸레핀년
275,게부럴
276,게지랄놈
277,귀 두
278,귀두
279,깨 쌔 끼
280,깨 쌔끼
281,깨쌔 끼
282,깨쌔끼
283,꺼 져
284,꺼져
285,꼴 깝
286,꼴깝
287,ㄳ
288,난자마셔
289,난자먹어
290,난자먹어
291,난자핧아
292,내 씨 발
293,내 씨발
294,내꺼빨아
295,내꺼핧아
296,내미랄
297,내버지
298,내씨 발
299,내씨발
300,내자지
301,내잠지
302,내조지
303,너 거 애 비
304,너 거 애비
305,너거 애 비
306,너거 애비
307,너거애 비
308,너거애비
309,누나강간
310,뉘마
311,뉘망
312,뉘이마
313,뉘이망
314,뉘임아
315,뉘임앙
316,뉨두라
317,뉨두랑
318,뉨둘라
319,뉨둘아
320,뉨둘앙
321,뉨드라
322,뉨드랑
323,뉨드랑
324,뉨들아
325,뉨들앙
326,뉨아
327,뉨앙
328,느 그 매
329,느 그매
330,느그 매
331,느그매
332,늬마
333,늬망
334,늬아
335,늬이마
336,늬이망
337,늬임앙
338,늼두라
339,늼두랑
340,늼둘라
341,늼둘아
342,늼둘앙
343,늼드라
344,늼드랑
345,늼드랑
346,늼들아
347,늼들앙
348,늼앙
349,니 기 미
350,니 기미
351,니 미
352,니 미 랄
353,니 미 럴
354,니 미랄
355,니 미럴
356,니 애 미
357,니 애미
358,니기 미
359,니기미
360,니마
361,니망
362,니미
363,니미 랄
364,니미 럴
365,니미랄
366,니미럴
367,니씨브랄
368,니아범
369,니애 미
370,니애미
371,니애미
372,니애비
373,니이마
374,니이망
375,니임아
376,니임앙
377,니할애비
378,님두라
379,님두랑
380,님둘라
381,님둘아
382,님둘앙
383,님드라
384,님드랑
385,님드랑
386,님들아
387,님들앙
388,님아
389,님앙
390,닥 쳐
391,닥쳐
392,닳은년
393,대 가 리
394,대 가리
395,대가 리
396,대가리
397,덜은새끼
398,돈년
399,돈새끼
400,돌으년
401,돌은넘
402,돌은새끼
403,돌은새끼
404,동생강간
405,뒷 치 기
406,등 신
407,등신
408,딸 딸 이
409,딸 딸이
410,딸딸 이
411,딸딸이
412,또 라 이
413,또 라이
414,또라 이
415,또라이
416,띠 발
417,띠 발 뇬
418,띠 발뇬
419,띠 불
420,띠 블 넘
421,띠 블넘
422,띠발
423,띠발 뇬
424,띠발뇬
425,띠불
426,띠블 넘
427,띠블넘
428,막간년
429,막대쑤셔줘
430,막대핧아줘
431,맛간년
432,맛없는년
433,맛이간년
434,망 나 니
435,망 나니
436,망나 니
437,망나니
438,미 친 넘
439,미 친 년
440,미 친 놈
441,미 친 눔
442,미 친 새 끼
443,미 친 새끼
444,미 친넘
445,미 친년
446,미 친놈
447,미 친눔
448,미 티 넘
449,미 틴 것
450,미친 넘
451,미친 년
452,미친 놈
453,미친 눔
454,미친 새 끼
455,미친 새끼
456,미친구녕
457,미친구멍
458,미친넘
459,미친넘
61,\<ass\>
62,\<clit\>
63,\<bitch\>
64,\<cunt\>
65,\<dick\>
66,\<cum\>
460,미친년
1168,좃털
69,\<KKK\>
70,\<Nazi\>
71,\<nigger\>
72,\<penis\>
73,\<pussy\>
74,\<vagina\>
75,\<rape\>
1169,좆
77,\<whore\>
78,\<twat\>
79,\<gook\>
80,\<chink\>
1170,좆 같 은 놈
1171,좆 같 은 새 끼
1172,좆 같 은놈
1173,좆 까
1174,좆 까 라
1175,좆 까라
1176,좆 나
1177,좆 년
1178,좆 도
1179,좆 만 아
1180,좆 만 한 년
1181,좆 만 한 놈
1182,좆 만 한 새 끼
1183,좆 만 한년
1184,좆 만 한놈
1185,좆 만아
1186,좆 먹 어
1187,좆 먹어
1188,좆 물
1189,좆 밥
1190,좆 빨 아
1191,좆 빨아
1192,좆 새 끼
1193,좆 새끼
1194,좆 털
1195,좆같 은 놈
1196,좆같 은 새 끼
1197,좆같 은 새끼
1198,좆같 은놈
1199,좆같 은새끼
1200,좆같은 놈
1201,좆같은 새 끼
1202,좆같은 새끼
1203,좆같은놈
1204,좆같은새 끼
1205,좆같은새끼
1206,좆까
1207,좆까 라
1208,좆까라
1209,좆나
1210,좆년
1211,좆도
1212,좆만 아
1213,좆만 한 년
1214,좆만 한 놈
1215,좆만 한 새 끼
1216,좆만 한 새끼
1217,좆만 한년
1218,좆만 한놈
1219,좆만 한새끼
1220,좆만아
1221,좆만한 년
1222,좆만한 놈
1223,좆만한 새 끼
1224,좆만한 새끼
1225,좆만한년
1226,좆만한놈
1227,좆만한새 끼
1228,좆만한새끼
1229,좆먹 어
1230,좆먹어
1231,좆물
1232,좆밥
1233,좆빨 아
1234,좆빨아
1235,좆새 끼
1236,좆새끼
1237,좆털
1238,좋 만 한 것
1239,좋 만 한것
1240,좋만 한 것
1241,좋만 한것
1242,좋만한 것
1243,주 글 년
1244,주 글년
1245,주 길 년
1246,주 길년
1247,주글 년
1248,주글년
1249,주길 년
1250,주길년
1251,쥐  랄
1252,쥐 랄
1253,지 랄
1254,지 랄
1255,지 럴
1256,지 뢀
1257,지랄
1258,지랄
1259,지럴
1260,지뢀
1261,쪼 다 새 끼
1262,쪼 다 새끼
1263,쪼다 새 끼
1264,쪼다 새끼
1265,쪼다새 끼
1266,쪼다새끼
1267,창 남
1268,창 녀
1269,창남
1270,창녀
1271,창녀버지
1272,쳐쑤셔박어
1273,촌씨브라리
1274,촌씨브랑이
1275,촌씨브랭이
1276,크 리 토 리 스
1277,크리 토 리 스
1278,크리 토 리스
1279,크리 토리스
1280,크리토 리 스
1281,크리토 리스
1282,크리토리 스
1283,크리토리스
1284,큰보지
1285,클 리 토 리 스
1286,클리 토 리 스
1287,클리 토 리스
1288,클리 토리스
1289,클리 토리스
1290,클리토 리 스
1291,클리토 리스
1292,클리토리 스
1293,클리토리스
1294,페 니 스
1295,페 니스
1296,페 니스
1297,페니 스
1298,페니스
1299,항문 쑤셔
1300,항문수셔
1301,항문쑤셔
1302,허 벌 보 지
1303,허 벌 보지
1304,허 벌 자 지
1305,허 벌 자지
1306,허버리년
1307,허벌 보 지
1308,허벌 보지
1309,허벌 자 지
1310,허벌 자지
1311,허벌년
1312,허벌보 지
1313,허벌보지
1314,허벌자 지
1315,허벌자식
1316,허벌자지
1317,헐 렁 보 지
1318,헐 렁 보지
1319,헐렁 보 지
1320,헐렁 보지
1321,헐렁보 지
1322,헐렁보지
1323,혀로보지핧기
1324,호 냥 년
1325,호 냥년
1326,호 로
1327,호 로 새 끼
1328,호 로 새끼
1329,호 로 자 슥
1330,호 로 자 슥
1331,호 로 자 식
1332,호 로 자슥
1333,호 로 자슥
1334,호 로 자식
1335,호 루 자 슥
1336,호 루 자슥
1337,호냥 년
1338,호냥년
1339,호로
1340,호로 새 끼
1341,호로 새끼
1342,호로 자 슥
1343,호로 자 슥
1344,호로 자 식
1345,호로 자슥
1346,호로 자슥
1347,호로 자식
1348,호로새 끼
1349,호로새끼
1350,호로자 슥
1351,호로자 슥
1352,호로자 식
1353,호로자슥
1354,호로자슥
1355,호로자식
1356,호루 자 슥
1357,호루 자슥
1358,호루자 슥
1359,호루자슥
1360,후 라 덜 넘
1361,후 라 덜넘
1362,후 장
1363,후라 덜 넘
1364,후라 덜넘
1365,후라덜 넘
1366,후라덜넘
1367,후장
1368,후장 꽂아
1369,후장 뚫어
1370,양키
1371,짱께
1372,쪽바리
1373,코쟁이
1381,김일성
1382,김정일
1383,북조선
1384,인민
1385,인민공화국
1386,조선인민공화국
1387,마약
1388,양귀비
1389,코카인
1390,히로뽕
1391,18년
1392,18놈
1393,18새 끼
1394,18새끼
1395,가슴 만져
1396,가슴 빨아
1397,가슴 빨어
1398,가슴 조물락
1399,가슴 주물럭
1400,가슴 쪼물딱
1401,가슴 쪼물락
1402,가슴 핧아
1403,가슴 핧어
1404,가슴만져
1405,가슴빨아
1406,가슴빨어
1407,가슴조물락
1408,가슴주물럭
1409,가슴쪼물딱
1410,가슴쪼물락
1411,가슴핥아
1412,가슴핥어
1413,가슴핧아
1414,가슴핧어
1415,강 간
1416,강간
1417,강간한다
1418,개 가 튼 년
1419,개 가 튼 뇬
1420,개 가 튼년
1421,개 가 튼뇬
1422,개 같 은 년
1423,개 같 은년
1424,개 걸 레
1425,개 걸레
1426,개 고 치
1427,개 고치
1428,개 너 미
1429,개 너미
1430,개 년
1431,개 놈
1432,개 라 슥
1433,개 보 지
1434,개 보지
1435,개 부 달
1436,개 부 랄
1437,개 부달
1438,개 부랄
1439,개 불 랄
1440,개 불랄
1441,개 새 끼
1442,개 새끼
1443,개 씨 발
1444,개 씨 블
1445,개 씨발넘
1446,개 씨발자슥
1447,개 자 지
1448,개 자지
1449,개 좆
1450,개 지 랄
1451,개 후 라 년
1452,개 후 라 들 놈
1453,개 후 라 새 끼
1454,개 후 라년
1455,개가 튼 년
1456,개가 튼 뇬
1457,개가 튼년
1458,개가 튼뇬
1459,개가튼 년
1460,개가튼 뇬
1461,개가튼년
1462,개가튼뇬
1463,개같 은 년
1464,개같 은년
1465,개같은 년
1466,개같은년
1467,개걸 레
1468,개걸레
1469,개고 치
1470,개고치
1471,개너 미
1472,개너미
1473,개년
1474,개놈
1475,개라슥
1476,개자슥
1477,개보 지
1478,개보지
1479,개보지년
1480,개부 달
1481,개부 랄
1482,개부달
1483,개부랄
1484,개불 랄
1485,개불랄
1486,개붕알
1487,개새 끼
1488,개새끼
1489,개색기
1490,개색끼
1491,개색히
1492,개쓰래기
1493,개쓰레기
1,\<Fuck\>
2,\<Shit\>
3,\<Cock\>
1494,개씁년
1495,개씁블
1496,개씁자지
1497,개씨발
1498,개씨발넘
1499,개씨발자슥
1500,개씨블
1501,개자 지
1502,개자지
1503,개작두넘
1504,개작두년
1505,개잡년
1506,개잡지랄
1507,개젓가튼넘
1508,개좆
1509,개지랄
1510,개지랄넘
1511,개지랄놈
1512,개후 라 년
1513,개후 라 들 놈
1514,개후 라 들놈
1515,개후 라 새 끼
1516,개후 라 새끼
1517,개후 라년
1518,개후 라들놈
1519,개후 라새끼
1520,개후라 년
1521,개후라 들 놈
1522,개후라 들놈
1523,개후라 새 끼
1524,개후라 새끼
1525,개후라년
1526,개후라들 놈
1527,개후라들놈
1528,개후라새 끼
1529,개후라새끼
1530,걔잡년
1531,걔잡지랄
1532,거 시 기
1533,거 시기
1534,거시 기
1535,거시기
1536,걸 레 같 은 년
1537,걸래년
1538,걸레 같 은 년
1539,걸레 같 은년
1540,걸레 같은년
1541,걸레같 은 년
1542,걸레같 은년
1543,걸레같은 년
1544,걸레같은년
1545,걸레년
1546,걸레핀년
1547,게부럴
1548,게지랄놈
1549,귀두
1550,깨 쌔 끼
1551,깨 쌔끼
1552,깨쌔 끼
1553,깨쌔끼
1554,꺼 져
1555,꺼져
1556,꼴 깝
1557,꼴깝
1558,난자마셔
1559,난자먹어
1560,난자핥아
1561,난자핧아
1562,내 씨 발
1563,내 씨발
1564,내꺼빨아
1565,내꺼핥아
1566,내꺼핧아
1567,내미랄
1568,내버지
1569,내씨 발
1570,내씨발
1571,내자지
1572,내잠지
1573,내조지
1574,너 거 애 비
1575,너 거 애비
1576,너거 애 비
1577,너거 애비
1578,너거애 비
1579,너거애비
1580,누나강간
1581,느 그 매
1582,느 그매
1583,느그 매
1584,느그매
1585,니 기 미
1586,니 기미
1587,니 미 랄
1588,니 미 럴
1589,니 미랄
1590,니 미럴
1591,니 애 미
1592,니 애미
1593,니기 미
1594,니기미
1595,니미
1596,니미 랄
1597,니미 럴
1598,니미랄
1599,니미럴
1600,니씨브랄
1601,니아범
1602,니애 미
1603,니애미
1604,니애비
1605,니에미
1606,니에비
1607,니할애비
1608,닥쳐
1609,닳은년
1610,대 가 리
1611,대 가리
1612,대가 리
1613,대가리
1614,덜은새끼
1615,돈새끼
1616,돌은년
1617,돌은넘
1618,돌은새끼
1619,동생강간
1620,뒷 치 기
1621,뒷치 기
1622,등 신
1623,등신
1624,딸 딸 이
1625,딸 딸이
1626,딸딸 이
1627,딸딸이
1628,또 라 이
1629,또 라이
1630,또라 이
1631,또라이
1632,띠 발
1633,띠 발 뇬
1634,띠 발뇬
1635,띠 불
1636,띠 블 넘
1637,띠 블넘
1638,띠발
1639,띠발 뇬
1640,띠발뇬
1641,띠불
1642,띠블 넘
1643,띠블넘
1644,막간년
1645,막대쑤셔줘
1646,막대핥아줘
1647,막대핧아줘
1648,말자지
1649,맛간년
1650,맛없는년
1651,맛이간년
1652,망 나 니
1653,망 나니
1654,망나 니
1655,망나니
1656,미 친 넘
1657,미 친 년
1658,미 친 놈
1659,미 친 눔
1660,미 친 새 끼
1661,미 친 새끼
1662,미 친넘
1663,미 친년
1664,미 친놈
1665,미 친눔
1666,미 티 넘
1667,미 틴 것
1668,미친 넘
1669,미친 년
1670,미친 놈
1671,미친 눔
1672,미친 새 끼
1673,미친 새끼
1674,미친구녕
1675,미친구멍
1676,미친넘
1677,미친년
1678,미친놈
1679,미친눔
1680,미친새 끼
1681,미친새끼
1682,미친쉐이
1683,미친씨부랄
1684,미틴넘
1685,미틴것
1686,바주카자지
1687,밥팅
1688,백 보 지
1689,백 보지
1690,백보 지
1691,백보지
1692,버따리자지
1693,버지 구녕
1694,버지 구멍
1695,버지 냄새
1696,버지 뚫어
1697,버지 벌려
1698,버지 쑤셔
1699,버지구녕
1700,버지구멍
1701,버지냄새
1702,버지따먹기
1703,버지뚫어
1704,버지뜨더
1705,버지물마셔
1706,버지벌려
1707,버지벌료
1708,버지빨아
1709,버지빨어
1710,버지썰어
1711,버지쑤셔
1712,버지털
1713,버지핥아
1714,버지핧아
1715,버짓 물
1716,버짓물
1717,버짓물마셔
1718,벌 창 같 은 년
1719,벌창 같 은 년
1720,벌창 같 은년
1721,벌창 같은년
1722,벌창같 은 년
1723,벌창같 은년
1724,벌창같은 년
1725,벌창같은년
1726,벵 신
1727,벵신
1728,병 신
1729,병 신 세 리
1730,병 신 세리
1731,병 신 셰 리
1732,병 신 셰리
1733,병닥
1734,병딱
1735,병신
1736,병신 세 리
1737,병신 세리
1738,병신 셰 리
1739,병신 셰리
1740,병신세 리
1741,병신세리
1742,병신셰 리
1743,병신셰리
1744,병신씨발
1745,보 지
1746,보 지 녀
1747,보 지 물
1748,보 지 빨 아
1749,보 지 빨 어
1750,보 지 빨아
1751,보 지 빨어
1752,보 지 털
1753,보 지 틀 래 기
1754,보 지 핧 아
1755,보 지 핧 어
1756,보 지 핧아
1757,보 지 핧어
1758,보 지녀
1759,보 지물
1760,보 지털
1761,보 짓 물
1762,보 짓물
1763,보지 구녕
1764,보지 구멍
1765,보지 녀
1766,보지 물
1767,보지 벌려
1768,보지 벌리
1769,보지 벌리자
1770,보지 빨 아
1771,보지 빨 어
1772,보지 빨아
1773,보지 빨어
1774,보지 털
1775,보지 털뽑아
1776,보지 틀 래 기
1777,보지 틀 래기
1778,보지 틀래기
1779,보지 핧 아
1780,보지 핧 어
1781,보지 핧아
1782,보지 핧어
1783,보지구녕
1784,보지구멍
1785,보지녀
1786,보지따먹기
1787,보지뚫어
1788,보지뜨더
1789,보지머리박기
1790,보지물
1791,보지물마셔
1792,보지박어
1793,보지벌려
1794,보지벌료
1795,보지벌리
1796,보지벌리자
1797,보지보지
1798,보지빨 아
1799,보지빨 어
1800,보지빨아
1801,보지빨어
1802,보지에자지껴
1803,보지에자지너
1804,보지자지
1805,보지정액
1806,보지쥐어짜
1807,보지찌져
1808,보지찢어
1809,보지털
1810,보지털뽑아
1811,보지털어
1812,보지틀 래 기
1813,보지틀 래기
1814,보지틀래 기
1815,보지틀래기
1816,보지핥아
1817,보지핥아줘
1818,보지핥어
1819,보지핧 아
1820,보지핧 어
1821,보지핧아
1822,보지핧아줘
1823,보지핧어
461,미친년
462,미친놈
463,미친눔
464,미친새 끼
465,미친새끼
466,미친쉐이
467,미친씨부랄
468,바주카자지
469,밥 팅
470,밥팅
471,백 보 지
472,백 보지
473,백보 지
474,백보지
475,버따리자지
476,버지 구녕
477,버지 구멍
478,버지 냄새
479,버지 뚫어
480,버지 벌려
481,버지 쑤셔
482,버지구녕
483,버지구멍
484,버지따먹기
485,버지뜨더
486,버지물마셔
487,버지벌려
488,버지벌료
489,버지빨아
490,버지빨어
491,버지썰어
492,버지털
493,버지핧아
494,버짓 물
495,버짓물마셔
496,벌 창 같 은 년
497,벌창 같 은 년
498,벌창 같 은년
499,벌창 같은년
500,벌창같 은 년
501,벌창같 은년
502,벌창같은 년
503,벌창같은년
504,벵 신
505,벵신
506,병 신
507,병 신
508,병 신 세 리
509,병 신 세리
510,병 신 셰 리
511,병 신 셰리
512,병닥
513,병딱
514,병신
515,병신
516,병신 세 리
517,병신 세리
518,병신 셰 리
519,병신 셰리
520,병신세 리
521,병신세리
522,병신셰 리
523,병신셰리
524,병신씨발
525,보 지
526,보 지
527,보 지 녀
528,보 지 물
529,보 지 빨 아
530,보 지 빨 아
531,보 지 빨 어
532,보 지 빨아
533,보 지 빨아
534,보 지 빨어
535,보 지 털
536,보 지 털
537,보 지 틀 래 기
538,보 지 핧 아
539,보 지 핧 어
540,보 지 핧아
541,보 지 핧어
542,보 지녀
543,보 지물
544,보 지털
545,보 지털
546,보 짓 물
547,보 짓물
548,보지
549,보지
550,보지 구녕
551,보지 구멍
552,보지 녀
553,보지 물
554,보지 물
555,보지 벌려
556,보지 벌리
557,보지 벌리자
558,보지 빨 아
559,보지 빨 아
560,보지 빨 어
561,보지 빨아
562,보지 빨아
563,보지 빨어
564,보지 털
565,보지 털
566,보지 털뽑아
567,보지 틀 래 기
568,보지 틀 래기
569,보지 틀래기
570,보지 핧 아
571,보지 핧 어
572,보지 핧아
573,보지 핧어
574,보지녀
575,보지따먹기
576,보지뚫어
577,보지뜨더
578,보지머리박기
579,보지물
580,보지물
581,보지물마셔
582,보지박어
583,보지벌려
584,보지벌료
585,보지보지
586,보지빨 아
587,보지빨 아
588,보지빨 어
589,보지빨아
590,보지빨아
591,보지빨어
592,보지에자지껴
593,보지에자지너
594,보지자지
595,보지정액
596,보지쥐어짜
597,보지찌져
598,보지찢어
599,보지털
600,보지털뽑아
601,보지털어
602,보지틀 래 기
603,보지틀 래기
604,보지틀래 기
605,보지틀래기
606,보지핧 아
607,보지핧 어
608,보지핧아
609,보지핧아
610,보지핧아줘
611,보지핧어
612,보짓 물
613,보짓물
614,보짓물마셔
615,부 랄
616,부랄
617,불 알
618,불알
619,붕 신
620,붕 알
621,붕신
622,붕알
623,붜지
624,븅 신
625,븅신
626,빙 띤
627,빙 신
628,빙띤
629,빙신
630,빙신쉐이
631,빠 구 리
632,빠 구리
633,빠가십새
634,빠가씹새
635,빠구 리
636,빠구리
637,빠구리
638,빠굴이
639,뻑 큐
640,뻑큐
641,사 까 시
642,사 까시
643,사까 시
644,사까시
645,사까시
646,상 년
647,상년
648,성 교
649,성 교 해
650,성 폭 행
651,성 폭행
652,성교 하자
653,성폭 행
654,성폭행
655,섹 스
656,섹스
657,섹스하자
658,섹스해
659,쉐 끼
660,쉐끼
661,쉬밸년
662,시 발
663,시 발 년
664,시 발 놈
665,시 발 새 끼
666,시 발 새끼
667,시 발년
668,시 발놈
669,시 방 새
670,시 방새
671,시 팔 넘
672,시 팔 년
673,시 팔 놈
674,시 팔 새 끼
675,시 팔 새끼
676,시 팔넘
677,시 팔년
678,시 팔놈
679,시댕이
680,시발
681,시발 년
682,시발 놈
683,시발 새 끼
684,시발 새끼
685,시발년
686,시발놈
687,시발새 끼
688,시발새끼
689,시방 새
690,시방새
691,시팍새끼
692,시팔 넘
693,시팔 년
694,시팔 놈
695,시팔 새 끼
696,시팔 새끼
697,시팔넘
698,시팔년
699,시팔놈
700,시팔새 끼
701,시팔새끼
702,십 녀
703,십 새
704,십 세 이
705,십 세이
706,십 셰 리
707,십 셰리
708,십 탱
709,십 팔 새 끼
710,십 팔 새끼
711,십녀
712,십버지
713,십부랄
714,십부럴
715,십새
716,십세 이
717,십세이
718,십셰 리
719,십셰리
720,십자석
721,십자슥
722,십지랄
723,십창녀
724,십탱
725,십탱구리
726,십탱굴이
727,십팔 새 끼
728,십팔 새끼
729,십팔새 끼
730,십팔새끼
731,싸 가 지
732,싸 가지
733,싸가 지
734,싸가지
735,쌍 년
736,쌍 놈
737,쌍 보 지
738,쌍 보지
739,쌍 쌍 보 지
740,쌍 쌍 보지
741,쌍년
742,쌍놈
743,쌍보 지
744,쌍보지
745,쌍쌍 보 지
746,쌍쌍 보지
747,쌍쌍보 지
748,쌍쌍보지
749,쌔끼
750,쌕 스
751,쌕 쓰
752,쌕스
753,쌕쓰
754,썅 년
755,썅년
756,쓰 바 새 끼
757,쓰 바 새끼
758,쓰 벌
759,쓰 파
760,쓰바 새 끼
761,쓰바 새끼
762,쓰바새 끼
763,쓰바새끼
764,쓰발
765,쓰벌
766,쓰브랄쉽세
767,쓰파
768,씨 뎅
769,씨 뎅
770,씨 발
771,씨 발 년
772,씨 발 롬
773,씨 발년
774,씨 발롬
775,씨 뱅 가 리
776,씨 뱅 가리
777,씨 벌
778,씨 부 랄
779,씨 부랄
780,씨 불 알
781,씨 불알
782,씨 블
783,씨 섹 끼
784,씨 섹끼
785,씨 파 넘
786,씨 파넘
787,씨 팔
788,씨 퐁 넘
789,씨 퐁 뇬
790,씨 퐁 보 지
791,씨 퐁 보지
792,씨 퐁 자 지
793,씨 퐁 자지
794,씨 퐁넘
795,씨 퐁뇬
796,씨가랭넘
797,씨가랭년
798,씨가랭놈
799,씨댕
800,씨댕이
801,씨뎅
802,씨발
803,씨발 년
804,씨발 롬
805,씨발년
806,씨발롬
81,\<motherfucker\>
2186,자 기 핧 아
2187,자 기 핧아
2188,자 지 빨 아
2189,자 지 빨 어
2190,자 지 빨아
2191,자 지 빨어
2192,자 지 털
2193,자 지 핧 어
2194,자 지 핧어
2195,자 지털
2196,자기 핧 아
2197,자기 핧아
2198,자기핥아
2199,자기핧 아
2200,자기핧아
2201,자지 구녕
2202,자지 구멍
2203,자지 꽂아
2204,자지 빨 아
2205,자지 빨 어
2206,자지 빨아
2207,자지 빨어
2208,자지 쑤셔
2209,자지 짤라
2210,자지 털
2211,자지 핧 어
2212,자지 핧어
2213,자지구녕
2214,자지구멍
2215,자지꽂아
2216,자지넣자
2217,자지뜨더
2218,자지뜯어
2219,자지박어
2220,자지빨 아
2221,자지빨 어
2222,자지빨아
2223,자지빨아줘
2224,자지빨어
2225,자지쑤셔
2226,자지쓰레기
2227,자지정개
2228,자지짤라
2229,자지털
2230,자지핥아
2231,자지핥아줘
2232,자지핥어
2233,자지핧 어
2234,자지핧아
2235,자지핧아줘
2236,자지핧어
2237,작은보지
2238,잠 지
2239,잠지
2240,잠지뚫어
2241,잠지물마셔
2242,잠지털
2243,잠짓물마셔
2244,잡 것
2245,잡 년
2246,잡 놈
2247,잡것
2248,잡년
2249,잡놈
2250,잡쓰레그
2251,잡쓰레기
2252,저 년
2253,저년
2254,점 물
2255,점물
2256,젓 같 내
2257,젓 같내
2258,젓 까
2259,젓 냄 새
2260,젓 대가리
2261,젓 떠
2262,젓 마무리
2263,젓 만 이
2264,젓 만이
2265,젓 물
2266,젓 밥
2267,젓가튼쉐이
2268,젓같 내
2269,젓같내
2270,젓까
2271,젓냄새
2272,젓대가리
2273,젓떠
2274,젓마무리
2275,젓만 이
2276,젓만이
2277,젓물
2278,젓물 냄새
2279,젓물냄새
2280,젓밥
2281,정액마셔
2282,정액먹어
2283,정액발사
2284,정액짜
2285,정액핥아
2286,정액핧아
2287,정자마셔
2288,정자먹어
2289,정자핥아
2290,정자핧아
2291,젖 탱 이
2292,젖 탱이
2293,젖까
2294,젖탱 이
2295,젖탱이
2296,조 또
2297,조개넓은년
2298,조개따조
2299,조개마셔줘
2300,조개벌려조
2301,조개보지
2302,조개속물
2303,조개쑤셔줘
2304,조개핥아줘
2305,조개핧아줘
2306,조또
2307,조지
2308,족 같 내
2309,족 같내
2310,족 까
2311,족 까 내
2312,족 까내
2313,족같 내
2314,족같내
2315,족까
2316,족까 내
2317,족까내
2318,존 나
2319,존 니
2320,존나
2321,존니
2322,졸 라
2323,졸라
2324,좀 마 니
2325,좀 마니
2326,좀 물
2327,좀 쓰레기
2328,좀마 니
2329,좀마니
2330,좀물
2331,좀쓰레기
2332,좁빠라라
2333,좃
2334,좃 간 년
2335,좃 간년
2336,좃 까
2337,좃 깟 네
2338,좃 깟네
2339,좃 냄새
2340,좃 넘
2341,좃 대가리
2342,좃 도
2343,좃 또
2344,좃 마무리
2345,좃 만 아
2346,좃 만 이
2347,좃 만아
2348,좃 만이
2349,좃 물
2350,좃 부 랄
2351,좃 부랄
2352,좃 빠 네
2353,좃 빠네
2354,좃가튼뇬
2355,좃간 년
2356,좃간년
2357,좃까
2358,좃까리
2359,좃깟 네
2360,좃깟네
2361,좃냄새
2362,좃넘
2363,좃대가리
2364,좃도
2365,좃또
2366,좃마무리
2367,좃만 아
2368,좃만 이
2369,좃만아
2370,좃만이
2371,좃만한것
2372,좃만한쉐이
2373,좃물
2374,좃물 냄새
2375,좃물냄새
2376,좃보지
2377,좃부 랄
2378,좃부랄
2379,좃빠 네
2380,좃빠구리
2381,좃빠네
2382,좃빠라라
2383,좃털
2384,좆
2385,좆 같 은 놈
2386,좆 같 은 새 끼
2387,좆 같 은놈
2388,좆 까
2389,좆 까 라
2390,좆 까라
2391,좆 나
2392,좆 년
2393,좆 도
2394,좆 만 아
2395,좆 만 한 년
2396,좆 만 한 놈
2397,좆 만 한 새 끼
2398,좆 만 한년
2399,좆 만 한놈
2400,좆 만아
2401,좆 먹 어
2402,좆 먹어
2403,좆 물
2404,좆 밥
2405,좆 빨 아
2406,좆 빨아
2407,좆 새 끼
2408,좆 새끼
2409,좆 털
2410,좆같 은 놈
2411,좆같 은 새 끼
2412,좆같 은 새끼
2413,좆같 은놈
2414,좆같 은새끼
2415,좆같은 놈
2416,좆같은 새 끼
2417,좆같은 새끼
2418,좆같은놈
2419,좆같은새 끼
2420,좆같은새끼
2421,좆까
2422,좆까 라
2423,좆까라
2424,좆나
2425,좆년
2426,좆도
2427,좆만 아
2428,좆만 한 년
2429,좆만 한 놈
2430,좆만 한 새 끼
2431,좆만 한 새끼
2432,좆만 한년
2433,좆만 한놈
2434,좆만 한새끼
2435,좆만아
2436,좆만한 년
2437,좆만한 놈
2438,좆만한 새 끼
2439,좆만한 새끼
2440,좆만한년
2441,좆만한놈
2442,좆만한새 끼
2443,좆만한새끼
2444,좆먹 어
2445,좆먹어
2446,좆물
2447,좆밥
2448,좆빨 아
2449,좆빨아
2450,좆새 끼
2451,좆새끼
2452,좆털
2453,좋 만 한 것
2454,좋 만 한것
2455,좋만 한 것
2456,좋만 한것
2457,좋만한 것
2458,좋만한것
2459,주 글 년
2460,주 글년
2461,주 길 년
2462,주 길년
2463,주글 년
2464,주글년
2465,주길 년
2466,주길년
2467,쥐  랄
2468,쥐 랄
2469,쥐랄
2470,지 랄
2471,지 럴
2472,지 뢀
2473,지랄
2474,지럴
2475,지뢀
2476,쪼 다 새 끼
2477,쪼 다 새끼
2478,쪼다 새 끼
2479,쪼다 새끼
2480,쪼다새 끼
2481,쪼다새끼
2482,창 남
2483,창 녀
2484,창남
2485,창녀
2486,창녀버지
2487,처드셈
2488,쳐드셈
2489,쳐쑤셔박어
2490,촌씨브라리
2491,촌씨브랑이
2492,촌씨브랭이
2493,크 리 토 리 스
2494,크리 토 리 스
2495,크리 토 리스
2496,크리 토리스
2497,크리토 리 스
2498,크리토 리스
2499,크리토리 스
2500,크리토리스
2501,큰보지
2502,클 리 토 리 스
2503,클리 토 리 스
2504,클리 토 리스
2505,클리 토리스
2506,클리토 리 스
2507,클리토 리스
2508,클리토리 스
2509,클리토리스
2510,페 니 스
2511,페 니스
2512,페니 스
2513,페니스
2514,항문 쑤셔
2515,항문수셔
2516,항문쑤셔
2517,허 벌 보 지
2518,허 벌 보지
2519,허 벌 자 지
2520,허 벌 자지
2521,허버리년
2522,허벌 보 지
2523,허벌 보지
2524,허벌 자 지
2525,허벌 자지
2526,허벌년
2527,허벌보 지
2528,허벌보지
2529,허벌자 지
2530,허벌자식
2531,허벌자지
2532,헐 렁 보 지
2533,헐 렁 보지
2534,헐렁 보 지
2535,헐렁 보지
2536,헐렁보 지
2537,헐렁보지
2538,혀로보지핥이기
2539,혀로보지핧기
2540,호 냥 년
2541,호 냥년
2542,호 로
2543,호 로 새 끼
2544,호 로 새끼
2545,호 로 자 슥
2546,호 로 자 식
2547,호 로 자슥
2548,호 로 자식
2549,호 루 자 슥
2550,호 루 자슥
2551,호냥 년
2552,호냥년
2553,화냥년
2554,호로 새 끼
2555,호로 새끼
2556,호로 자 슥
2557,호로 자 식
2558,호로 자슥
2559,호로 자식
2560,호로새 끼
2561,호로새끼
2562,호로자 슥
2563,호로자 식
2564,호로자슥
2565,호로자식
2566,호루 자 슥
2567,호루 자슥
2568,호루자 슥
2569,호루자슥
2570,후 라 덜 넘
2571,후 라 덜넘
2572,후 장
2573,후라 덜 넘
2574,후라 덜넘
2575,후라덜 넘
2576,후라덜넘
2577,후장
2578,후장 꽂아
2579,후장 뚫어
2580,후장꽂아
2581,후장뚫어
1825,보짓물
1826,보짓물마셔
1827,부 랄
1828,부랄
1829,불 알
1830,불알
1831,붕신
1832,븅 신
1833,븅신
1834,빙 신
1835,빙신
1836,빙신쉐이
1837,빠 구 리
1838,빠 구리
1839,빠가십새
1840,빠가씹새
1841,빠구 리
1842,빠구리
1843,빠굴이
1844,뻑 큐
1845,뻑큐
1846,사 까 시
1847,사 까시
1848,사까 시
1849,사까시
1850,성 교 해
1851,성 폭 행
1852,성 폭행
1853,성교
1854,성교 하자
1855,성교하자
1856,성교해
1857,성폭 행
1858,성폭행
1859,섹 스
1860,섹스
1861,섹스하자
1862,섹스해
1863,소자지
1864,쉐 끼
1865,쉐끼
1866,쉬밸년
1867,시 발 년
1868,시 발 놈
1869,시 발 새 끼
1870,시 발 새끼
1871,시 발년
1872,시 발놈
1873,시 방 새
1874,시 방새
1875,시 팔 넘
1876,시 팔 년
1877,시 팔 놈
1878,시 팔 새 끼
1879,시 팔 새끼
1880,시 팔넘
1881,시 팔년
1882,시 팔놈
1883,시댕이
1884,시발 년
1885,시발 놈
1886,시발 새 끼
1887,시발 새끼
1888,시발년
1889,시발놈
1890,시발새 끼
1891,시발새끼
1892,시방 새
1893,시방새
1894,시팍새끼
1895,시팔 넘
1896,시팔 년
1897,시팔 놈
1898,시팔 새 끼
1899,시팔 새끼
1900,시팔넘
1901,시팔년
1902,시팔놈
1903,시팔새 끼
1904,시팔새끼
1905,십 녀
1906,십 새
1907,십 세 이
1908,십 세이
1909,십 셰 리
1910,십 셰리
1911,십 탱
1912,십 팔 새 끼
1913,십 팔 새끼
1914,십녀
1915,십버지
1916,십부랄
1917,십부럴
1918,십새
1919,십세 이
1920,십세이
1921,십셰 리
1922,십셰리
1923,십자석
1924,십자슥
1925,십지랄
1926,십창녀
1927,십탱
1928,십탱구리
1929,십탱굴이
1930,십팔 새 끼
1931,십팔 새끼
1932,십팔새 끼
1933,십팔새끼
1934,싸 가 지
1935,싸 가지
1936,싸가 지
1937,싸가지
1938,쌍 년
1939,쌍 놈
1940,쌍 보 지
1941,쌍 보지
1942,쌍 쌍 보 지
1943,쌍 쌍 보지
1944,쌍년
1945,쌍놈
1946,쌍보 지
1947,쌍보지
1948,쌍쌍 보 지
1949,쌍쌍 보지
1950,쌍쌍보 지
1951,쌍쌍보지
1952,쌔끼
1953,쌕 스
1954,쌕 쓰
1955,쌕스
1956,쌕쓰
1957,썅 년
1958,썅년
1959,쓰 바 새 끼
1960,쓰 바 새끼
1961,쓰 벌
1962,쓰 파
1963,쓰바 새 끼
1964,쓰바 새끼
1965,쓰바새 끼
1966,쓰바새끼
1967,쓰발
1968,쓰벌
1969,쓰브랄쉽세
1970,쓰파
1971,씨 뎅
1972,씨 발
1973,씨 발 년
1974,씨 발 롬
1975,씨 발년
1976,씨 발롬
1977,씨 뱅 가 리
1978,씨 뱅 가리
1979,씨 벌
1980,씨 부 랄
1981,씨 부랄
1982,씨 불 알
1983,씨 불알
1984,씨 블
1985,씨 섹 끼
1986,씨 섹끼
1987,씨 파 넘
1988,씨 파넘
1989,씨 팔
1990,씨 퐁 넘
1991,씨 퐁 뇬
1992,씨 퐁 보 지
1993,씨 퐁 보지
1994,씨 퐁 자 지
1995,씨 퐁 자지
1996,씨 퐁넘
1997,씨 퐁뇬
1998,씨가랭넘
1999,씨가랭년
2000,씨가랭놈
2001,씨댕
2002,씨댕이
2003,씨뎅
2004,씨발
2005,씨발 년
2006,씨발 롬
2007,씨발.년
2008,씨발.놈
2009,씨발년
2010,씨발놈
2011,씨발롬
2012,씨발병신
2013,씨방새
2014,씨방세
2015,씨뱅 가 리
2016,씨뱅 가리
2017,씨뱅가 리
2018,씨뱅가리
2019,씨벌
2020,씨벌년
2021,씨벌쉐이
2022,씨부 랄
2023,씨부랄
2024,씨부럴
2025,씨불 알
2026,씨불알
2027,씨브럴
2028,씨블
2029,씨블년
2030,씨븡새끼
2031,씨블새끼
2032,씨섹 끼
2033,씨섹끼
2034,씨파 넘
2035,씨파넘
2036,씨팍새끼
2037,씨팍세끼
2038,씨팔
2039,씨퐁
2040,씨퐁 넘
2041,씨퐁 뇬
2042,씨퐁 보 지
2043,씨퐁 보지
2044,씨퐁 자 지
2045,씨퐁 자지
2046,씨퐁넘
2047,씨퐁뇬
2048,씨퐁보 지
2049,씨퐁보지
2050,씨퐁자 지
2051,씨퐁자지
2052,씹 년
2053,씹 물
2054,씹 보 지
2055,씹 보지
2056,씹 부 랄
2057,씹 부랄
2058,씹 빵 구
2059,씹 빵구
2060,씹 뽀 지
2061,씹 뽀지
2062,씹 새
2063,씹 새 끼
2064,씹 새끼
2065,씹 세
2066,씹 쌔 끼
2067,씹 쌔끼
2068,씹 자 지
2069,씹 자지
2070,씹 지 랄
2071,씹 지랄
2072,씹 창
2073,씹 탱
2074,씹 탱 이
2075,씹 탱이
2076,씹년
2077,씹물
2078,씹미랄
2079,씹버지
2080,씹보 지
2081,씹보지
2082,씹부 랄
2083,씹부랄
2084,씹브랄
2085,씹빵 구
2086,씹빵구
2087,씹뽀 지
2088,씹뽀지
2089,씹새
2090,씹새 끼
2091,씹새끼
2092,씹세
2093,씹쌔 끼
2094,씹쌔끼
2095,씹자 지
2096,씹자석
2097,씹자슥
2098,씹자지
2099,씹지 랄
2100,씹지랄
2101,씹창
2102,씹창녀
2103,씹탱
2104,씹탱 이
2105,씹탱굴이
2106,씹탱이
2107,씹팔
2108,아가리
2109,애 무
2110,애 미
2111,애 비
2112,애무
2113,애미
2114,애미랄
2115,애미보지
2116,애미씨뱅
2117,애미자지
2118,애미잡년
2119,애미좃물
2120,애비
2121,양 아 치
2122,양 아치
2123,양아 치
2124,양아치
2125,어미강간
2126,어미따먹자
2127,어미쑤시자
2128,엄 창
2129,엄창
2130,염 병
2131,염 병 할
2132,염 병할
2133,염 뵹
2134,염병 할
2135,염병할
2136,염뵹
2137,엿 먹 어 라
2138,엿 먹 어라
2139,엿먹 어 라
2140,엿먹 어라
2141,엿먹어 라
2142,엿먹어라
2143,영자개새끼
2144,영자새끼
2145,영자씨발놈
2146,오 르 가 즘
2147,오르가즘
2148,왕버지
2149,왕자지
2150,왕잠지
2151,왕털버지
2152,왕털보지
2153,왕털자지
2154,왕털잠지
2155,요 년
2156,요년
2157,우미쑤셔
2158,유  방
2159,유 두
2160,유 방
2161,유두
2162,유두빨어
2163,유두핥어
2164,유두핧어
2165,유방 조물락
2166,유방조물락
2167,유방
2168,유방 만져
2169,유방 빨아
2170,유방 주물럭
2171,유방 쪼물딱
2172,유방 쪼물럭
2173,유방 핧아
2174,유방 핧어
2175,유방만져
2176,유방빨아
2177,유방주물럭
2178,유방쪼물딱
2179,유방쪼물럭
2180,유방핥아
2181,유방핥어
2182,유방핧아
2183,유방핧어
2184,육 갑
2185,육갑
